record_id,stage_id,tower_id,name,rarity,level,max_level,base_attack_damage,base_attack_speed,upgrade_gold,upgrade_wood,population_delta,skill_ids,enabled,notes,model_name,projectile_model,active_skill_ids
#中文名:记录ID,阶段ID,防御塔ID,名称,稀有度,等级,最高等级,基础攻击力,基础攻速(次/秒),升到本级所需金币,升到本级所需木材,人口增量,当前生效技能ID列表,是否启用,备注,模型名称,弹道模型,主动技能ID列表
#types:string,string,string,string,string,number,number,number,number,number,number,number,list,boolean,string,string,string,list
anti_air_tower_lv01,anti_air_tower,anti_air_tower_lv01,防空炮LV1,N,1,5,901,1,20,1000,1,anti_air_missile_lv01,1,由上一阶段转职；技能均为被动技能。,models/heroes/sniper/sniper.vmdl,particles/units/heroes/hero_sniper/sniper_base_attack.vpcf,ability_upgrade_tower_lv01|ability_upgrade_tower_max
anti_air_tower_lv02,anti_air_tower,anti_air_tower_lv02,防空炮LV2,N,2,5,1501,1,50,1500,0,anti_air_missile_lv02,1,,models/heroes/sniper/sniper.vmdl,particles/units/heroes/hero_sniper/sniper_base_attack.vpcf,ability_upgrade_tower_lv01
anti_air_tower_lv03,anti_air_tower,anti_air_tower_lv03,防空炮LV3,N,3,5,2101,1,200,2000,0,anti_air_missile_lv03,1,,models/heroes/sniper/sniper.vmdl,particles/units/heroes/hero_sniper/sniper_base_attack.vpcf,ability_upgrade_tower_lv01
anti_air_tower_lv04,anti_air_tower,anti_air_tower_lv04,防空炮LV4,N,4,5,3901,1,500,2500,0,anti_air_missile_lv04,1,,models/heroes/sniper/sniper.vmdl,particles/units/heroes/hero_sniper/sniper_base_attack.vpcf,ability_upgrade_tower_lv01
anti_air_tower_lv05,anti_air_tower,anti_air_tower_lv05,防空炮LV5,N,5,5,6101,1,1000,3000,0,anti_air_missile_lv05,1,,models/heroes/sniper/sniper.vmdl,particles/units/heroes/hero_sniper/sniper_base_attack.vpcf,ability_upgrade_tower_lv01
anti_air_artillery_lv01,anti_air_artillery,anti_air_artillery_lv01,防空火炮LV1,R,1,5,12101,1,1000,20000,1,anti_air_missile_lv05|drag_net_lv01,1,由上一阶段转职；技能均为被动技能。,models/heroes/skywrath_mage/skywrath_mage.vmdl,particles/units/heroes/hero_sniper/sniper_base_attack.vpcf,ability_upgrade_tower_lv01
anti_air_artillery_lv02,anti_air_artillery,anti_air_artillery_lv02,防空火炮LV2,R,2,5,35101,1,2000,40000,0,anti_air_missile_lv05|drag_net_lv02,1,,models/heroes/skywrath_mage/skywrath_mage.vmdl,particles/units/heroes/hero_sniper/sniper_base_attack.vpcf,ability_upgrade_tower_lv01
anti_air_artillery_lv03,anti_air_artillery,anti_air_artillery_lv03,防空火炮LV3,R,3,5,50101,1,5000,60000,0,anti_air_missile_lv05|drag_net_lv03,1,,models/heroes/skywrath_mage/skywrath_mage.vmdl,particles/units/heroes/hero_sniper/sniper_base_attack.vpcf,ability_upgrade_tower_lv01
anti_air_artillery_lv04,anti_air_artillery,anti_air_artillery_lv04,防空火炮LV4,R,4,5,75101,1,10000,100000,0,anti_air_missile_lv05|drag_net_lv04,1,,models/heroes/skywrath_mage/skywrath_mage.vmdl,particles/units/heroes/hero_sniper/sniper_base_attack.vpcf,ability_upgrade_tower_lv01
anti_air_artillery_lv05,anti_air_artillery,anti_air_artillery_lv05,防空火炮LV5,R,5,5,108101,1,20000,100000,0,anti_air_missile_lv05|drag_net_lv05,1,,models/heroes/skywrath_mage/skywrath_mage.vmdl,particles/units/heroes/hero_sniper/sniper_base_attack.vpcf,ability_upgrade_tower_lv01
airspace_overlord_lv01,airspace_overlord,airspace_overlord_lv01,空域霸主LV1,SR,1,10,308101,1,30000,200000,2,anti_air_missile_lv05|drag_net_lv05|airspace_overlord_lv01,1,由上一阶段转职；技能均为被动技能。,models/heroes/vengeful/vengeful.vmdl,particles/units/heroes/hero_sniper/sniper_base_attack.vpcf,ability_upgrade_tower_lv01
airspace_overlord_lv02,airspace_overlord,airspace_overlord_lv02,空域霸主LV2,SR,2,10,508101,1,60000,200000,0,anti_air_missile_lv05|drag_net_lv05|airspace_overlord_lv01,1,,models/heroes/vengeful/vengeful.vmdl,particles/units/heroes/hero_sniper/sniper_base_attack.vpcf,ability_upgrade_tower_lv01
airspace_overlord_lv03,airspace_overlord,airspace_overlord_lv03,空域霸主LV3,SR,3,10,808101,1,90000,200000,0,anti_air_missile_lv05|drag_net_lv05|airspace_overlord_lv01,1,,models/heroes/vengeful/vengeful.vmdl,particles/units/heroes/hero_sniper/sniper_base_attack.vpcf,ability_upgrade_tower_lv01
airspace_overlord_lv04,airspace_overlord,airspace_overlord_lv04,空域霸主LV4,SR,4,10,1008101,1,120000,200000,0,anti_air_missile_lv05|drag_net_lv05|airspace_overlord_lv01,1,,models/heroes/vengeful/vengeful.vmdl,particles/units/heroes/hero_sniper/sniper_base_attack.vpcf,ability_upgrade_tower_lv01
airspace_overlord_lv05,airspace_overlord,airspace_overlord_lv05,空域霸主LV5,SR,5,10,1508101,1,150000,200000,0,anti_air_missile_lv05|drag_net_lv05|airspace_overlord_lv01,1,,models/heroes/vengeful/vengeful.vmdl,particles/units/heroes/hero_sniper/sniper_base_attack.vpcf,ability_upgrade_tower_lv01
airspace_overlord_lv06,airspace_overlord,airspace_overlord_lv06,空域霸主LV6,SSR,6,10,2008101,1,200000,400000,0,anti_air_missile_lv05|drag_net_lv05|airspace_overlord_lv01,1,最终阶段LV6开始稀有度变为SSR；技能保持不变。,models/heroes/vengeful/vengeful.vmdl,particles/units/heroes/hero_sniper/sniper_base_attack.vpcf,ability_upgrade_tower_lv01
airspace_overlord_lv07,airspace_overlord,airspace_overlord_lv07,空域霸主LV7,SSR,7,10,3008101,1,250000,500000,0,anti_air_missile_lv05|drag_net_lv05|airspace_overlord_lv01,1,,models/heroes/vengeful/vengeful.vmdl,particles/units/heroes/hero_sniper/sniper_base_attack.vpcf,ability_upgrade_tower_lv01
airspace_overlord_lv08,airspace_overlord,airspace_overlord_lv08,空域霸主LV8,SSR,8,10,4008101,1,300000,600000,0,anti_air_missile_lv05|drag_net_lv05|airspace_overlord_lv01,1,,models/heroes/vengeful/vengeful.vmdl,particles/units/heroes/hero_sniper/sniper_base_attack.vpcf,ability_upgrade_tower_lv01
airspace_overlord_lv09,airspace_overlord,airspace_overlord_lv09,空域霸主LV9,SSR,9,10,5008101,1,350000,700000,0,anti_air_missile_lv05|drag_net_lv05|airspace_overlord_lv01,1,,models/heroes/vengeful/vengeful.vmdl,particles/units/heroes/hero_sniper/sniper_base_attack.vpcf,ability_upgrade_tower_lv01
airspace_overlord_lv10,airspace_overlord,airspace_overlord_lv10,空域霸主LV10,SSR,10,10,6008101,1,400000,800000,0,anti_air_missile_lv05|drag_net_lv05|airspace_overlord_lv01,1,,models/heroes/vengeful/vengeful.vmdl,particles/units/heroes/hero_sniper/sniper_base_attack.vpcf,ability_upgrade_tower_lv01
