issue_id,severity,content_id,issue_type,description,recommended_action
#types:string,enum,string,string,string,string
ISSUE-001,high,weapon_growth_sword_max,合成结果命名冲突,成长之剑描述同时出现“幻影之剑”和“霜之剑刃”。,确认最终产物名称与ID；当前配方暂指向weapon_frost_blade_01。
ISSUE-002,high,item_death_mask,商店价格冲突,建筑商店为木材10000+金币300；武器表为木材10000+金币500。,建议以建筑商店为当前UI价格，策划确认后统一。
ISSUE-003,high,multiple,可疑价格18,武器表中大量后续等级购买金币为18，疑似占位或解析残留。,已进入ShopEntries候选但默认enabled=0。
ISSUE-004,medium,equipment_infernal_armor_04,核心等级疑似笔误,Lv4描述写“熔火核心Lv3升级装备狱火熔铠Lv4”，与系列规律不一致。,当前按核心Lv4升MAX建模，标记description_inferred。
ISSUE-005,medium,weapon_epic_icefire,缺少+7行,原表只包含基础到+6，但项目记录为+7后进入传说。,补充+7正式数据后再生成最终链。
ISSUE-006,medium,weapon_legend_abyss,原始ID顺序异常,5003对应+10，5004对应+2，不能按数字ID排序。,系统必须按名称解析后的stage排序。
ISSUE-007,low,shop_proxy_*,重复购买代理行,2101/2111/2121是购买代理，不应作为真实内容。,已分类shop_proxy并默认停用，指向真实content_id。
ISSUE-008,medium,tech_gold_mine_efficiency,升级费用缺失,只明确效率每级+1，未提供升级金币/木材费用。,TechnologyDefinitions中费用留空，需策划填写。
