effect_id,reward_profile_id,sort_order,effect_type,value,value_secondary,value_text,target,stack_mode,server_handler,client_field,enabled,notes
#中文名:效果ID,奖励方案ID,排序,效果类型,数值,次要数值,数值文本,目标,叠加方式,服务端处理器,客户端字段,是否启用,备注
#types:string,string,number,enum,number,number,string,enum,enum,string,string,boolean,string
effect_0001,reward_practice_wood_100,10,add_wood,100,,,player_team,add,resource_system,wood,1,
effect_0002,reward_practice_gold_100,10,add_gold,100,,,player_team,add,resource_system,gold,1,
effect_0003,reward_practice_attribute_10,10,add_all_attributes,100,,,player_hero,add,hero_progression_system,all_attributes,1,
effect_0004,reward_practice_attribute_100_gold_1000,10,add_all_attributes,1000,,,player_hero,add,hero_progression_system,all_attributes,1,
effect_0005,reward_practice_attribute_100_gold_1000,20,add_gold,1000,,,player_team,add,resource_system,gold,0,按当前需求停用大属性练功房额外金币奖励。
effect_0006,reward_rebirth_01,10,set_rebirth_level,1,,,player_hero,max,hero_progression_system,rebirth_level,1,
effect_0007,reward_rebirth_01,20,grant_exclusive_skill,1,,英雄专属技能,player_hero,unique,hero_skill_reward_adapter,skill_reward,1,具体专属技能ID需要英雄技能配置表提供。
effect_0008,reward_rebirth_01,30,add_all_attributes,2000,,,player_hero,add,hero_progression_system,all_attributes,1,
effect_0009,reward_rebirth_01,40,add_attack_all_attribute_gain,1,,,player_hero,add,hero_progression_system,attack_all_attribute_gain,1,表示英雄每次攻击增加的全属性数值；实际攻击监听由英雄成长系统消费。
effect_0010,reward_rebirth_01,50,unlock_split_multishot,1,,,player_hero,unique,hero_progression_system,split_multishot_unlocked,1,
effect_0011,reward_rebirth_02,10,set_rebirth_level,2,,,player_hero,max,hero_progression_system,rebirth_level,1,
effect_0012,reward_rebirth_02,20,grant_random_skill_or_upgrade,1,,公共技能三选一,player_hero,custom,hero_skill_reward_adapter,skill_reward,1,只展示未拥有的公共技能；选择后从本局技能池移除。
effect_0013,reward_rebirth_02,30,add_all_attributes,3000,,,player_hero,add,hero_progression_system,all_attributes,1,
effect_0014,reward_rebirth_02,40,add_attack_all_attribute_gain,2,,,player_hero,add,hero_progression_system,attack_all_attribute_gain,1,表示英雄每次攻击增加的全属性数值；实际攻击监听由英雄成长系统消费。
effect_0015,reward_rebirth_02,50,add_multishot_count,1,,,player_hero,add,hero_progression_system,multishot_count,1,
effect_0016,reward_rebirth_03,10,set_rebirth_level,3,,,player_hero,max,hero_progression_system,rebirth_level,1,
effect_0017,reward_rebirth_03,20,grant_random_skill_or_upgrade,1,,公共技能三选一,player_hero,custom,hero_skill_reward_adapter,skill_reward,1,只展示未拥有的公共技能；选择后从本局技能池移除。
effect_0018,reward_rebirth_03,30,add_all_attributes,5000,,,player_hero,add,hero_progression_system,all_attributes,1,
effect_0019,reward_rebirth_03,40,add_attack_all_attribute_gain,3,,,player_hero,add,hero_progression_system,attack_all_attribute_gain,1,表示英雄每次攻击增加的全属性数值；实际攻击监听由英雄成长系统消费。
effect_0020,reward_rebirth_03,50,add_multishot_count,1,,,player_hero,add,hero_progression_system,multishot_count,1,
effect_0021,reward_rebirth_04,10,set_rebirth_level,4,,,player_hero,max,hero_progression_system,rebirth_level,1,
effect_0022,reward_rebirth_04,20,grant_random_skill_or_upgrade,1,,公共技能三选一,player_hero,custom,hero_skill_reward_adapter,skill_reward,1,只展示未拥有的公共技能；选择后从本局技能池移除。
effect_0023,reward_rebirth_04,30,add_all_attributes,10000,,,player_hero,add,hero_progression_system,all_attributes,1,
effect_0024,reward_rebirth_04,40,add_attack_all_attribute_gain,4,,,player_hero,add,hero_progression_system,attack_all_attribute_gain,1,表示英雄每次攻击增加的全属性数值；实际攻击监听由英雄成长系统消费。
effect_0025,reward_rebirth_04,50,add_multishot_count,1,,,player_hero,add,hero_progression_system,multishot_count,1,
effect_0026,reward_rebirth_05,10,set_rebirth_level,5,,,player_hero,max,hero_progression_system,rebirth_level,1,
effect_0027,reward_rebirth_05,20,grant_random_skill_or_upgrade,1,,公共技能三选一,player_hero,custom,hero_skill_reward_adapter,skill_reward,1,只展示未拥有的公共技能；选择后从本局技能池移除。
effect_0028,reward_rebirth_05,30,add_all_attributes,20000,,,player_hero,add,hero_progression_system,all_attributes,1,
effect_0029,reward_rebirth_05,40,add_attack_all_attribute_gain,6,,,player_hero,add,hero_progression_system,attack_all_attribute_gain,1,表示英雄每次攻击增加的全属性数值；实际攻击监听由英雄成长系统消费。
effect_0030,reward_rebirth_05,50,add_multishot_count,1,,,player_hero,add,hero_progression_system,multishot_count,1,
effect_0031,reward_rebirth_06,10,set_rebirth_level,6,,,player_hero,max,hero_progression_system,rebirth_level,1,
effect_0032,reward_rebirth_06,20,grant_skill_points,1,,公共技能点+1,player_hero,add,hero_skill_reward_adapter,skill_points,1,只能升级已拥有的公共技能池技能，不能升级专属技能。
effect_0033,reward_rebirth_06,30,add_all_attributes,30000,,,player_hero,add,hero_progression_system,all_attributes,1,
effect_0034,reward_rebirth_06,40,add_attack_all_attribute_gain,7,,,player_hero,add,hero_progression_system,attack_all_attribute_gain,1,表示英雄每次攻击增加的全属性数值；实际攻击监听由英雄成长系统消费。
effect_0035,reward_rebirth_06,50,add_multishot_count,1,,,player_hero,add,hero_progression_system,multishot_count,1,
effect_0036,reward_rebirth_07,10,set_rebirth_level,7,,,player_hero,max,hero_progression_system,rebirth_level,1,
effect_0037,reward_rebirth_07,20,grant_skill_points,1,,公共技能点+1,player_hero,add,hero_skill_reward_adapter,skill_points,1,只能升级已拥有的公共技能池技能，不能升级专属技能。
effect_0038,reward_rebirth_07,30,add_all_attributes,50000,,,player_hero,add,hero_progression_system,all_attributes,1,
effect_0039,reward_rebirth_07,40,add_attack_all_attribute_gain,8,,,player_hero,add,hero_progression_system,attack_all_attribute_gain,1,表示英雄每次攻击增加的全属性数值；实际攻击监听由英雄成长系统消费。
effect_0040,reward_rebirth_07,50,add_multishot_count,1,,,player_hero,add,hero_progression_system,multishot_count,1,
effect_0041,reward_rebirth_08,10,set_rebirth_level,8,,,player_hero,max,hero_progression_system,rebirth_level,1,
effect_0042,reward_rebirth_08,20,grant_skill_points,1,,公共技能点+1,player_hero,add,hero_skill_reward_adapter,skill_points,1,只能升级已拥有的公共技能池技能，不能升级专属技能。
effect_0043,reward_rebirth_08,30,add_all_attributes,70000,,,player_hero,add,hero_progression_system,all_attributes,1,
effect_0044,reward_rebirth_08,40,add_attack_all_attribute_gain,9,,,player_hero,add,hero_progression_system,attack_all_attribute_gain,1,表示英雄每次攻击增加的全属性数值；实际攻击监听由英雄成长系统消费。
effect_0045,reward_rebirth_08,50,add_multishot_count,1,,,player_hero,add,hero_progression_system,multishot_count,1,
effect_0046,reward_rebirth_09,10,set_rebirth_level,9,,,player_hero,max,hero_progression_system,rebirth_level,1,
effect_0047,reward_rebirth_09,20,grant_skill_points,1,,公共技能点+1,player_hero,add,hero_skill_reward_adapter,skill_points,1,只能升级已拥有的公共技能池技能，不能升级专属技能。
effect_0048,reward_rebirth_09,30,add_all_attributes,100000,,,player_hero,add,hero_progression_system,all_attributes,1,
effect_0049,reward_rebirth_09,40,add_attack_all_attribute_gain,10,,,player_hero,add,hero_progression_system,attack_all_attribute_gain,1,表示英雄每次攻击增加的全属性数值；实际攻击监听由英雄成长系统消费。
effect_0050,reward_rebirth_09,50,add_multishot_count,1,,,player_hero,add,hero_progression_system,multishot_count,1,
effect_0051,reward_rebirth_10,10,set_rebirth_level,10,,,player_hero,max,hero_progression_system,rebirth_level,1,
effect_0052,reward_rebirth_10,20,grant_skill_points,1,,公共技能点+1,player_hero,add,hero_skill_reward_adapter,skill_points,1,只能升级已拥有的公共技能池技能，不能升级专属技能。
effect_0053,reward_rebirth_10,30,add_all_attributes,200000,,,player_hero,add,hero_progression_system,all_attributes,1,
effect_0054,reward_rebirth_10,40,add_attack_all_attribute_gain,12,,,player_hero,add,hero_progression_system,attack_all_attribute_gain,1,表示英雄每次攻击增加的全属性数值；实际攻击监听由英雄成长系统消费。
effect_0055,reward_rebirth_10,50,add_multishot_count,1,,,player_hero,add,hero_progression_system,multishot_count,1,
