tooltip_id,tooltip_type,id,name,needwood,needgold,desc,icon,source_id
"#中文名:提示ID,提示分类,业务ID,名称,所需木材,所需金币,描述,图标,来源ID"
"#types:string,enum,string,string,number,number,string,string,string"
ability:ability_enter_endless_training,ability,ability_enter_endless_training,无尽年轮圣殿,0,50000,传送至无尽年轮圣殿。英雄达到10转后解锁；每秒消耗50000金币；攻击练功建筑时攻击力与力量、敏捷、智力成长收益均为15倍。,faceless_void_time_walk,altar_endless_training
ability:ability_enter_shadow_realm,ability,ability_enter_shadow_realm,暗影界前庭,0,50000,传送至暗影界前庭。当前版本仅开放传送，怪物与掉落逻辑暂不启用。,spectre_reality,altar_shadow_realm
ability:ability_survival_doom_infernal,ability,ability_survival_doom_infernal,末日使者专属：地狱火,0,0,一转后激活。普通攻击命中时有10%概率召唤术士地狱火，继承触发时英雄100%攻击力、攻击速度、最大生命与防御，持续10秒。地狱火不继承英雄或装备攻击附带效果；存续期间跳过召唤概率判定。,warlock_rain_of_chaos,skill_doom_infernal
ability:ability_survival_shadow_fiend_raze,ability,ability_survival_shadow_fiend_raze,影魔专属：影压,0,0,一转后激活。普通攻击命中时有10%概率在目标位置释放250范围影压。影压先增加1层再造成纯粹伤害，1至5层分别为全属性×27.5、×30、×32.5、×35、×37.5；最多5层，每层独立持续3秒。,nevermore_shadowraze1,skill_shadow_fiend_raze
ability:ability_survival_axe_counter_helix,ability,ability_survival_axe_counter_helix,斧王专属：反击螺旋,0,0,一转后激活。普通攻击命中时有10%概率以被攻击目标为中心触发反击螺旋，对400范围内敌人造成触发时全属性×30纯粹伤害。,axe_counter_helix,skill_axe_counter_helix
ability:ability_survival_drow_companion,ability,ability_survival_drow_companion,黑暗游侠专属：小游侠,0,0,一转后激活。普通攻击命中时有10%概率召唤无敌小游侠，继承触发时英雄150%攻击力和100%攻击速度，持续10秒。小游侠每次攻击主目标及射程内最近另外4个敌人；次级攻击不触发附带效果；存续期间跳过召唤概率判定。,drow_ranger_multishot,skill_drow_companion
ability:ability_survival_arcane_barrage,ability,ability_survival_arcane_barrage,奥术弹幕·被动,0,0,主攻击命中时有10%概率对目标区域释放持续飞弹轰击，每颗飞弹造成全属性范围纯粹伤害。,skywrath_mage_arcane_bolt,proto_arcane_barrage
ability:ability_survival_blade_nova,ability,ability_survival_blade_nova,剑刃震荡·被动,0,0,主攻击命中时有15%概率沿英雄面向发射脉冲，对攻击射程内宽200的路径造成全属性纯粹伤害。,juggernaut_blade_fury,proto_blade_nova
ability:ability_survival_blademaster_agility,ability,ability_survival_blademaster_agility,剑圣专属：疾风剑意,0,0,增加敏捷。,juggernaut_blade_dance,skill_blademaster_agility
ability:ability_survival_blademaster_exclusive,ability,ability_survival_blademaster_exclusive,剑圣专属：无双剑意,0,0,每级增加攻击伤害。,sven_gods_strength,skill_blademaster_exclusive
ability:ability_survival_blademaster_mobility,ability,ability_survival_blademaster_mobility,剑圣专属：踏风,0,0,增加移动速度。,juggernaut_blade_fury,skill_blademaster_mobility
ability:ability_survival_blademaster_swiftness,ability,ability_survival_blademaster_swiftness,剑圣专属：迅影,0,0,增加攻击速度。,juggernaut_omni_slash,skill_blademaster_swiftness
ability:ability_survival_chain_lightning,ability,ability_survival_chain_lightning,怒雷·被动,0,0,主攻击命中时概率释放宙斯落雷，对目标及周围敌人造成全属性伤害。,zuus_lightning_bolt,proto_chain_lightning
ability:ability_survival_earth_line,ability,ability_survival_earth_line,地裂冲击·被动,0,0,主攻击命中时有12%概率向目标初始位置释放滚石，对路径敌人造成全属性纯粹伤害，并随等级扩大宽度、眩晕敌人与在首次命中时造成范围伤害。,earthshaker_fissure,proto_earth_line
ability:ability_survival_echo_slash,ability,ability_survival_echo_slash,回音重斩·被动,0,0,主攻击命中时概率朝目标触发位置方向连续发射弧形斩，对攻击射程内宽200的路径造成全属性纯粹伤害。,magnataur_shockwave,proto_echo_slash
ability:ability_survival_flame_burst,ability,ability_survival_flame_burst,爆炎弹·被动,0,0,主攻击命中时有15%概率引爆目标区域，造成全属性范围纯粹伤害并点燃敌人。,lina_dragon_slave,proto_flame_burst
ability:ability_survival_frost_nova,ability,ability_survival_frost_nova,移动冰球·被动,0,0,主攻击命中时有12%概率向目标方向释放移动冰球，持续造成全属性范围纯粹伤害。,crystal_maiden_crystal_nova,proto_frost_nova
ability:ability_survival_holy_pulse,ability,ability_survival_holy_pulse,元气弹·被动,0,0,主攻击命中时有12%概率向攻击射程内最近的敌人发射元气弹，造成全属性纯粹伤害并随等级获得治疗、额外目标和范围爆炸。,keeper_of_the_light_illuminate,proto_holy_pulse
ability:ability_survival_ice_cone,ability,ability_survival_ice_cone,寒冰锥·被动,0,0,主攻击命中时有15%概率在目标区域释放暴风雪，逐秒造成全属性范围纯粹伤害并强化控制效果。,crystal_maiden_freezing_field,proto_ice_cone
ability:ability_survival_magic_slingshot,ability,ability_survival_magic_slingshot,魔法弹弓·被动,0,0,主攻击命中时有10%概率向攻击射程内最近的5名敌人发射石弹，造成全属性伤害与眩晕，并在最高级生成减速碎石区。,tiny_toss,proto_magic_slingshot
ability:ability_survival_meteor,ability,ability_survival_meteor,陨石坠落·被动,0,0,主攻击命中时有12%概率在目标记录位置坠落并爆炸，造成全属性范围纯粹伤害，并随等级留下熔岩区域、施加减速和连续落下第二颗陨石。,invoker_chaos_meteor,proto_meteor
ability:ability_survival_monkey_king_agility,ability,ability_survival_monkey_king_agility,齐天大圣专属：灵猴,0,0,增加敏捷。,monkey_king_mischief,skill_monkey_king_agility
ability:ability_survival_monkey_king_exclusive,ability,ability_survival_monkey_king_exclusive,齐天大圣专属：如意,0,0,每级增加攻击距离。,monkey_king_jingu_mastery,skill_monkey_king_exclusive
ability:ability_survival_monkey_king_fury,ability,ability_survival_monkey_king_fury,齐天大圣专属：斗战,0,0,增加攻击伤害。,monkey_king_boundless_strike,skill_monkey_king_fury
ability:ability_survival_monkey_king_swiftness,ability,ability_survival_monkey_king_swiftness,齐天大圣专属：神行,0,0,增加攻击速度。,monkey_king_tree_dance,skill_monkey_king_swiftness
ability:ability_survival_poison_cloud,ability,ability_survival_poison_cloud,毒云·被动,0,0,主攻击命中时概率在目标位置生成持续毒云，造成全属性范围纯粹伤害并逐秒降低敌人护甲。,viper_nethertoxin,proto_poison_cloud
ability:ability_survival_void_pulse,ability,ability_survival_void_pulse,虚空震爆·被动,0,0,主攻击命中时有15%概率释放追踪目标的龙卷风，到达后附着跟随目标并持续造成实时全属性范围纯粹伤害。,invoker_tornado,proto_void_pulse
ability:arcane_cannon_lv01,ability,arcane_cannon_lv01,魔能炮LV1,0,0,击杀后5秒内伤害+10%，最多4层,,arcane_cannon_lv01
ability:arcane_cannon_lv02,ability,arcane_cannon_lv02,魔能炮LV2,0,0,击杀后5秒内伤害+10%，最多5层,,arcane_cannon_lv02
ability:arcane_cannon_lv03,ability,arcane_cannon_lv03,魔能炮LV3,0,0,击杀后5秒内伤害+10%，最多6层,,arcane_cannon_lv03
ability:arcane_cannon_lv04,ability,arcane_cannon_lv04,魔能炮LV4,0,0,击杀后5秒内伤害+10%，最多7层,,arcane_cannon_lv04
ability:arcane_cannon_lv05,ability,arcane_cannon_lv05,魔能炮LV5,0,0,击杀后5秒内伤害+10%，最多7层,,arcane_cannon_lv05
ability:arcane_eye_lv01,ability,arcane_eye_lv01,魔能之眼LV1,0,0,目标与魔能之眼之间单位受到目标伤害的30%,,arcane_eye_lv01
ability:arcane_supremacy_lv01,ability,arcane_supremacy_lv01,奥术至尊LV1,0,0,每次普通攻击追加一次拉比克奥术能量打击，造成400%攻击力魔法伤害,,arcane_supremacy_lv01
ability:bone_cannon_lv01,ability,bone_cannon_lv01,碎骨重炮LV1,0,0,每攻击9次下一击必定造成10倍暴击,,bone_cannon_lv01
ability:bone_cannon_lv02,ability,bone_cannon_lv02,碎骨重炮LV2,0,0,每攻击8次下一击必定造成10倍暴击,,bone_cannon_lv02
ability:bone_cannon_lv03,ability,bone_cannon_lv03,碎骨重炮LV3,0,0,每攻击7次下一击必定造成10倍暴击,,bone_cannon_lv03
ability:bone_cannon_lv04,ability,bone_cannon_lv04,碎骨重炮LV4,0,0,每攻击6次下一击必定造成10倍暴击,,bone_cannon_lv04
ability:bone_cannon_lv05,ability,bone_cannon_lv05,碎骨重炮LV5,0,0,每攻击6次下一击必定造成10倍暴击,,bone_cannon_lv05
ability:bounty_machine_gun_lv01,ability,bounty_machine_gun_lv01,赏金机枪LV1,0,0,每次攻击金币+5,,bounty_machine_gun_lv01
ability:bounty_machine_gun_lv02,ability,bounty_machine_gun_lv02,赏金机枪LV2,0,0,每次攻击金币+7,,bounty_machine_gun_lv02
ability:bounty_machine_gun_lv03,ability,bounty_machine_gun_lv03,赏金机枪LV3,0,0,每次攻击金币+9,,bounty_machine_gun_lv03
ability:bounty_machine_gun_lv04,ability,bounty_machine_gun_lv04,赏金机枪LV4,0,0,每次攻击金币+11,,bounty_machine_gun_lv04
ability:bounty_machine_gun_lv05,ability,bounty_machine_gun_lv05,赏金机枪LV5,0,0,每次攻击金币+11,,bounty_machine_gun_lv05
ability:burning_great_arrow_lv01,ability,burning_great_arrow_lv01,炙热巨箭塔LV1,0,0,巨箭对路径上的敌人造成100%伤害,,burning_great_arrow_lv01
ability:critical_strike_lv01,ability,critical_strike_lv01,致命一击LV1,0,0,13%概率造成5倍普通攻击伤害,,critical_strike_lv01
ability:critical_strike_lv02,ability,critical_strike_lv02,致命一击LV2,0,0,16%概率造成5倍普通攻击伤害,,critical_strike_lv02
ability:critical_strike_lv03,ability,critical_strike_lv03,致命一击LV3,0,0,19%概率造成5倍普通攻击伤害,,critical_strike_lv03
ability:critical_strike_lv04,ability,critical_strike_lv04,致命一击LV4,0,0,22%概率造成5倍普通攻击伤害,,critical_strike_lv04
ability:critical_strike_lv05,ability,critical_strike_lv05,致命一击LV5,0,0,22%概率造成5倍普通攻击伤害,,critical_strike_lv05
ability:death_grenade_lv01,ability,death_grenade_lv01,死神榴弹炮Lv1,0,0,暴击时对300码范围造成该次暴击伤害200%,,death_grenade_lv01
ability:explosive_gatling_lv01,ability,explosive_gatling_lv01,爆矢加特林LV1,0,0,同一目标攻击5次或击杀后攻速+20%，持续3秒，不可叠加可刷新,,explosive_gatling_lv01
ability:frost_attack_lv01,ability,frost_attack_lv01,冰霜攻击LV1,0,0,攻击造成半径100码范围攻击并减速25%，持续2秒,,frost_attack_lv01
ability:frost_attack_lv02,ability,frost_attack_lv02,冰霜攻击LV2,0,0,攻击造成半径150码范围攻击并减速25%，持续2秒,,frost_attack_lv02
ability:frost_attack_lv03,ability,frost_attack_lv03,冰霜攻击LV3,0,0,攻击造成半径200码范围攻击并减速25%，持续2秒,,frost_attack_lv03
ability:frost_attack_lv04,ability,frost_attack_lv04,冰霜攻击LV4,0,0,攻击造成半径250码范围攻击并减速25%，持续2秒,,frost_attack_lv04
ability:frost_attack_lv05,ability,frost_attack_lv05,冰霜攻击LV5,0,0,攻击造成半径250码范围攻击并减速25%，持续2秒,,frost_attack_lv05
ability:ice_blizzard_lv01,ability,ice_blizzard_lv01,寒冰尖塔LV1,0,0,攻击时10%概率触发暴风雪，持续5秒，每秒对300码范围造成触发时攻击力50%的物理伤害并减速25%,,ice_blizzard_lv01
ability:ice_blizzard_lv02,ability,ice_blizzard_lv02,寒冰尖塔LV2,0,0,攻击时12%概率触发暴风雪，持续5秒，每秒对400码范围造成触发时攻击力50%的物理伤害并减速25%,,ice_blizzard_lv02
ability:ice_blizzard_lv03,ability,ice_blizzard_lv03,寒冰尖塔LV3,0,0,攻击时14%概率触发暴风雪，持续5秒，每秒对500码范围造成触发时攻击力50%的物理伤害并减速25%,,ice_blizzard_lv03
ability:ice_blizzard_lv04,ability,ice_blizzard_lv04,寒冰尖塔LV4,0,0,攻击时16%概率触发暴风雪，持续5秒，每秒对600码范围造成触发时攻击力50%的物理伤害并减速25%,,ice_blizzard_lv04
ability:ice_blizzard_lv05,ability,ice_blizzard_lv05,寒冰尖塔LV5,0,0,攻击时16%概率触发暴风雪，持续5秒，每秒对700码范围造成触发时攻击力50%的物理伤害并减速25%,,ice_blizzard_lv05
ability:laser_lv01,ability,laser_lv01,激光LV1,0,0,持续造成攻击力120%伤害，同目标每秒递增5%，最高500%,,laser_lv01
ability:laser_lv02,ability,laser_lv02,激光LV2,0,0,持续造成攻击力140%伤害，同目标每秒递增5%，最高500%,,laser_lv02
ability:laser_lv03,ability,laser_lv03,激光LV3,0,0,持续造成攻击力160%伤害，同目标每秒递增5%，最高500%,,laser_lv03
ability:laser_lv04,ability,laser_lv04,激光LV4,0,0,持续造成攻击力180%伤害，同目标每秒递增5%，最高500%,,laser_lv04
ability:laser_lv05,ability,laser_lv05,激光LV5,0,0,持续造成攻击力180%伤害，同目标每秒递增5%，最高500%,,laser_lv05
ability:lightning_diffusion_lv01,ability,lightning_diffusion_lv01,雷电扩散LV1,0,0,落雷30%几率扩散，对半径200码造成该次伤害200%,,lightning_diffusion_lv01
ability:lightning_storm_lv01,ability,lightning_storm_lv01,闪电魔塔LV1,0,0,任意敌方单位死亡时在其死亡位置生成持续5秒的雷电风暴；半径500，每1秒落雷并造成100%攻击力物理伤害,,lightning_storm_lv01
ability:lightning_storm_lv02,ability,lightning_storm_lv02,闪电魔塔LV2,0,0,任意敌方单位死亡时在其死亡位置生成持续5秒的雷电风暴；半径500，每1秒落雷并造成100%攻击力物理伤害,,lightning_storm_lv02
ability:lightning_storm_lv03,ability,lightning_storm_lv03,闪电魔塔LV3,0,0,任意敌方单位死亡时在其死亡位置生成持续5秒的雷电风暴；半径500，每1秒落雷并造成100%攻击力物理伤害,,lightning_storm_lv03
ability:lightning_storm_lv04,ability,lightning_storm_lv04,闪电魔塔LV4,0,0,任意敌方单位死亡时在其死亡位置生成持续5秒的雷电风暴；半径500，每1秒落雷并造成100%攻击力物理伤害,,lightning_storm_lv04
ability:lightning_storm_lv05,ability,lightning_storm_lv05,闪电魔塔LV5,0,0,任意敌方单位死亡时在其死亡位置生成持续5秒的雷电风暴；半径500，每1秒落雷并造成100%攻击力物理伤害,,lightning_storm_lv05
ability:lightning_strike_lv01,ability,lightning_strike_lv01,闪电打击LV1,0,0,连锁攻击最多4个敌人；首目标造成100%攻击力物理伤害，之后每隔0.1秒从上一目标200范围内寻找最近敌人，每跳线性衰减10%,,lightning_strike_lv01
ability:lightning_strike_lv02,ability,lightning_strike_lv02,闪电打击LV2,0,0,连锁攻击最多5个敌人；首目标造成100%攻击力物理伤害，之后每隔0.1秒从上一目标200范围内寻找最近敌人，每跳线性衰减10%,,lightning_strike_lv02
ability:lightning_strike_lv03,ability,lightning_strike_lv03,闪电打击LV3,0,0,连锁攻击最多6个敌人；首目标造成100%攻击力物理伤害，之后每隔0.1秒从上一目标200范围内寻找最近敌人，每跳线性衰减10%,,lightning_strike_lv03
ability:lightning_strike_lv04,ability,lightning_strike_lv04,闪电打击LV4,0,0,连锁攻击最多7个敌人；首目标造成100%攻击力物理伤害，之后每隔0.1秒从上一目标200范围内寻找最近敌人，每跳线性衰减10%,,lightning_strike_lv04
ability:lightning_strike_lv05,ability,lightning_strike_lv05,闪电打击LV5,0,0,连锁攻击最多7个敌人；首目标造成100%攻击力物理伤害，之后每隔0.1秒从上一目标200范围内寻找最近敌人，每跳线性衰减10%,,lightning_strike_lv05
ability:machine_gun_lv01,ability,machine_gun_lv01,机枪LV1,0,0,攻击速度+40%,,machine_gun_lv01
ability:machine_gun_lv02,ability,machine_gun_lv02,机枪LV2,0,0,攻击速度+60%,,machine_gun_lv02
ability:machine_gun_lv03,ability,machine_gun_lv03,机枪LV3,0,0,攻击速度+80%,,machine_gun_lv03
ability:machine_gun_lv04,ability,machine_gun_lv04,机枪LV4,0,0,攻击速度+100%,,machine_gun_lv04
ability:machine_gun_lv05,ability,machine_gun_lv05,机枪LV5,0,0,攻击速度+100%,,machine_gun_lv05
ability:magic_finger_lv01,ability,magic_finger_lv01,死亡一指LV1,0,0,普通攻击有20%概率触发莱恩死亡一指特效并造成90%攻击力魔法伤害,,magic_finger_lv01
ability:magic_finger_lv02,ability,magic_finger_lv02,死亡一指LV2,0,0,普通攻击有20%概率触发莱恩死亡一指特效并造成90%攻击力魔法伤害,,magic_finger_lv02
ability:magic_finger_lv03,ability,magic_finger_lv03,死亡一指LV3,0,0,普通攻击有20%概率触发莱恩死亡一指特效并造成90%攻击力魔法伤害,,magic_finger_lv03
ability:magic_finger_lv04,ability,magic_finger_lv04,死亡一指LV4,0,0,普通攻击有20%概率触发莱恩死亡一指特效并造成90%攻击力魔法伤害,,magic_finger_lv04
ability:magic_finger_lv05,ability,magic_finger_lv05,死亡一指LV5,0,0,普通攻击有20%概率触发莱恩死亡一指特效并造成90%攻击力魔法伤害,,magic_finger_lv05
ability:magic_laguna_lv01,ability,magic_laguna_lv01,神灭斩LV1,0,0,普通攻击有20%概率触发莉娜神灭斩特效并造成100%攻击力魔法伤害,,magic_laguna_lv01
ability:magic_laguna_lv02,ability,magic_laguna_lv02,神灭斩LV2,0,0,普通攻击有20%概率触发莉娜神灭斩特效并造成100%攻击力魔法伤害,,magic_laguna_lv02
ability:magic_laguna_lv03,ability,magic_laguna_lv03,神灭斩LV3,0,0,普通攻击有20%概率触发莉娜神灭斩特效并造成100%攻击力魔法伤害,,magic_laguna_lv03
ability:magic_laguna_lv04,ability,magic_laguna_lv04,神灭斩LV4,0,0,普通攻击有20%概率触发莉娜神灭斩特效并造成100%攻击力魔法伤害,,magic_laguna_lv04
ability:magic_laguna_lv05,ability,magic_laguna_lv05,神灭斩LV5,0,0,普通攻击有20%概率触发莉娜神灭斩特效并造成100%攻击力魔法伤害,,magic_laguna_lv05
ability:multi_attack_lv01,ability,multi_attack_lv01,多重攻击LV1,0,0,同步攻击最多4个敌人；主箭和分裂箭均造成100%攻击力物理伤害,,multi_attack_lv01
ability:multi_attack_lv02,ability,multi_attack_lv02,多重攻击LV2,0,0,同步攻击最多5个敌人；主箭和分裂箭均造成100%攻击力物理伤害,,multi_attack_lv02
ability:multi_attack_lv03,ability,multi_attack_lv03,多重攻击LV3,0,0,同步攻击最多6个敌人；主箭和分裂箭均造成100%攻击力物理伤害,,multi_attack_lv03
ability:multi_attack_lv04,ability,multi_attack_lv04,多重攻击LV4,0,0,同步攻击最多7个敌人；主箭和分裂箭均造成100%攻击力物理伤害,,multi_attack_lv04
ability:multi_attack_lv05,ability,multi_attack_lv05,多重攻击LV5,0,0,同步攻击最多7个敌人；主箭和分裂箭均造成100%攻击力物理伤害,,multi_attack_lv05
ability:piercing_ballista_lv01,ability,piercing_ballista_lv01,穿透弩炮LV1,0,0,攻击无视敌人15%护甲,,piercing_ballista_lv01
ability:piercing_ballista_lv02,ability,piercing_ballista_lv02,穿透弩炮LV2,0,0,攻击无视敌人20%护甲,,piercing_ballista_lv02
ability:piercing_ballista_lv03,ability,piercing_ballista_lv03,穿透弩炮LV3,0,0,攻击无视敌人25%护甲,,piercing_ballista_lv03
ability:piercing_ballista_lv04,ability,piercing_ballista_lv04,穿透弩炮LV4,0,0,攻击无视敌人30%护甲,,piercing_ballista_lv04
ability:piercing_ballista_lv05,ability,piercing_ballista_lv05,穿透弩炮LV5,0,0,攻击无视敌人30%护甲,,piercing_ballista_lv05
ability:polar_obelisk_lv01,ability,polar_obelisk_lv01,极地方尖碑LV1,0,0,半径400码范围敌人攻击速度降低20%,,polar_obelisk_lv01
inventory_item:building_advanced_research_lab,inventory_item,building_advanced_research_lab,高级研究所,0,0,,,building_advanced_research_lab
inventory_item:building_arrow_tower,inventory_item,building_arrow_tower,箭塔,0,0,箭塔5级后进入五选一转职。,,building_arrow_tower
inventory_item:building_farm,inventory_item,building_farm,人口农场,0,0,,,building_farm
inventory_item:building_gold_mine,inventory_item,building_gold_mine,金矿,0,0,主城3级解锁；具体建造费用由building_levels或正式配置补充。,,building_gold_mine
inventory_item:building_hero_altar,inventory_item,building_hero_altar,英雄祭坛,0,0,祭坛建造前置为主城3级；祭坛被使用后shop_root_visible=true。,,building_hero_altar
inventory_item:building_main_city,inventory_item,building_main_city,主城,0,0,建造成功后Undying的建造主城技能在客户端置灰；服务端仍验证max_count=1。,,building_main_city
inventory_item:building_research_lab,inventory_item,building_research_lab,研究所,0,0,,,building_research_lab
inventory_item:building_wall,inventory_item,building_wall,城墙,0,0,建造成功后Undying的建造城墙技能在客户端置灰；服务端仍验证max_count=1。,,building_wall
inventory_item:challenge_01,inventory_item,challenge_01,木材练功房,0,0,击杀每个怪物获得100木材。,,challenge_01
inventory_item:challenge_02,inventory_item,challenge_02,金币练功房,0,0,击杀每个怪物获得100金币。,,challenge_02
inventory_item:challenge_03,inventory_item,challenge_03,属性练功房,0,0,击杀每个怪物获得10点全属性。,,challenge_03
inventory_item:challenge_04,inventory_item,challenge_04,大属性练功房,0,0,"击杀每个怪物获得100点全属性,1000金币。",,challenge_04
inventory_item:challenge_05,inventory_item,challenge_05,挑战合成宝石,0,0,击败BOSS后掉落合成宝石。当满足装备升级进化条件时，拾取掉落精华即可升级进化。,,challenge_05
inventory_item:challenge_06,inventory_item,challenge_06,进入冰霜之地,0,0,升级小极地晶石。当满足装备升级进化条件时，拾取掉落精华即可升级进化。,,challenge_06
inventory_item:challenge_07,inventory_item,challenge_07,挑战熔火核心lv1-3宝石,0,0,场内维持10只熔火怪物；死亡后0.5秒补满，每只怪物独立有20%概率掉落熔火核心Lv1。,,challenge_07
inventory_item:challenge_08,inventory_item,challenge_08,挑战熔火核心lv4宝石,0,0,击败BOSS后掉落熔火核心Lv4；狱火熔铠Lv4与熔火核心Lv4自动合成狱火熔铠Lvmax。,,challenge_08
inventory_item:challenge_09,inventory_item,challenge_09,挑战冰烬挽歌,0,0,击败BOSS后掉落冰魂焰魄。当满足装备升级进化条件时，拾取掉落精华即可升级进化。,,challenge_09
inventory_item:challenge_10,inventory_item,challenge_10,进入七宗罪,0,0,场内维持10只相同小怪；每只怪物死亡有40%概率按权重掉落七种精华，掉落数量不限。,,challenge_10
inventory_item:challenge_11,inventory_item,challenge_11,进入罪渊（十宗罪）,0,0,持有深渊审判才能进入；武器+N进入第N+1层，击杀对应Boss后自动合成升阶。,,challenge_11
inventory_item:challenge_synthesis_gem,inventory_item,challenge_synthesis_gem,挑战合成宝石,0,0,1,,challenge_synthesis_gem
inventory_item:equipment_attack_gloves_01,inventory_item,equipment_attack_gloves_01,加速手套Lv1,0,0,"增加英雄20%的攻击速度,重复购买升级，最高5级。  加速手套max＋灼热之刃max＋铁甲max＋合成宝石 ＝ 狱火熔铠Lv1",item_gloves,equipment_attack_gloves_01
inventory_item:equipment_attack_gloves_02,inventory_item,equipment_attack_gloves_02,加速手套Lv2,0,0,"增加英雄40%的攻击速度,重复购买升级，最高5级。  加速手套max＋灼热之刃max＋铁甲max＋合成宝石 ＝ 狱火熔铠Lv1",item_gloves,equipment_attack_gloves_02
inventory_item:equipment_attack_gloves_03,inventory_item,equipment_attack_gloves_03,加速手套Lv3,0,0,"增加英雄60%的攻击速度,重复购买升级，最高5级。  加速手套max＋灼热之刃max＋铁甲max＋合成宝石 ＝ 狱火熔铠Lv1",item_gloves,equipment_attack_gloves_03
inventory_item:equipment_attack_gloves_04,inventory_item,equipment_attack_gloves_04,加速手套Lv4,0,0,"增加英雄80%的攻击速度,重复购买升级，最高5级。  加速手套max＋灼热之刃max＋铁甲max＋合成宝石 ＝ 狱火熔铠Lv1",item_gloves,equipment_attack_gloves_04
inventory_item:equipment_attack_gloves_max,inventory_item,equipment_attack_gloves_max,加速手套Lvmax,0,0,"增加英雄100%的攻击速度,重复购买升级，最高5级。  加速手套max＋灼热之刃max＋铁甲max＋合成宝石 ＝ 狱火熔铠Lv1| INGREDIENT: 加速手套Lvmax + 灼热之刃Lvmax + 铁甲Lvmax + 合成宝石 -> 狱火熔铠Lv1",item_gloves,equipment_attack_gloves_max
inventory_item:equipment_burning_blade_01,inventory_item,equipment_burning_blade_01,灼热之刃Lv1,0,0,能增加1000攻击力，可重复购买，最高5级,item_blades_of_attack,equipment_burning_blade_01
inventory_item:equipment_burning_blade_02,inventory_item,equipment_burning_blade_02,灼热之刃Lv2,0,0,能增加2000攻击力,item_blades_of_attack,equipment_burning_blade_02
inventory_item:equipment_burning_blade_03,inventory_item,equipment_burning_blade_03,灼热之刃Lv3,0,0,能增加4000攻击力,item_blades_of_attack,equipment_burning_blade_03
inventory_item:equipment_burning_blade_04,inventory_item,equipment_burning_blade_04,灼热之刃Lv4,0,0,能增加6000攻击力,item_blades_of_attack,equipment_burning_blade_04
inventory_item:equipment_burning_blade_max,inventory_item,equipment_burning_blade_max,灼热之刃Lvmax,0,0,能增加8000攻击力| INGREDIENT: 加速手套Lvmax + 灼热之刃Lvmax + 铁甲Lvmax + 合成宝石 -> 狱火熔铠Lv1,item_blades_of_attack,equipment_burning_blade_max
inventory_item:equipment_infernal_armor_01,inventory_item,equipment_infernal_armor_01,狱火熔铠Lv1,0,0,增加属性  - 2W攻击力  - 150%攻速  - 10W生命值  - 150护甲 对周围200码敌人每秒造成全属性*1的伤害  可用熔火核心Lv1升级| RESULT: 加速手套Lvmax + 灼热之刃Lvmax + 铁甲Lvmax + 合成宝石 -> 狱火熔铠Lv1 | INGREDIENT: 狱火熔铠Lv1 + 熔火核心Lv1 -> 狱火熔铠Lv2,item_platemail,equipment_infernal_armor_01
inventory_item:equipment_infernal_armor_02,inventory_item,equipment_infernal_armor_02,狱火熔铠Lv2,0,0,增加属性  - 3W攻击力  - 200%攻速  - 20W生命值  - 200护甲 对周围200码敌人每秒造成全属性*1的伤害  可用熔火核心Lv2升级| RESULT: 狱火熔铠Lv1 + 熔火核心Lv1 -> 狱火熔铠Lv2 | INGREDIENT: 狱火熔铠Lv2 + 熔火核心Lv2 -> 狱火熔铠Lv3,item_platemail,equipment_infernal_armor_02
inventory_item:equipment_infernal_armor_03,inventory_item,equipment_infernal_armor_03,狱火熔铠Lv3,0,0,增加属性  - 5W攻击力  - 250%攻速  - 30W生命值  - 250护甲 对周围200码敌人每秒造成全属性*1的伤害  可用熔火核心Lv3升级| RESULT: 狱火熔铠Lv2 + 熔火核心Lv2 -> 狱火熔铠Lv3 | INGREDIENT: 狱火熔铠Lv3 + 熔火核心Lv3 -> 狱火熔铠Lv4,item_platemail,equipment_infernal_armor_03
inventory_item:equipment_infernal_armor_04,inventory_item,equipment_infernal_armor_04,狱火熔铠Lv4,0,0,增加属性  - 7W攻击力  - 300%攻速  - 50W生命值  - 300护甲 对周围200码敌人每秒造成全属性*1的伤害  可用熔火核心Lv4升级| RESULT: 狱火熔铠Lv3 + 熔火核心Lv3 -> 狱火熔铠Lv4 | INGREDIENT: 狱火熔铠Lv4 + 熔火核心Lv4 -> 狱火熔铠Lvmax,item_platemail,equipment_infernal_armor_04
inventory_item:equipment_infernal_armor_max,inventory_item,equipment_infernal_armor_max,狱火熔铠Lvmax,0,0,增加属性  - 10W攻击力  - 400%攻速  - 80W生命值  - 400护甲 对周围200码敌人每秒造成全属性*1的伤害  极寒之刃max＋狱火熔铠max＋冰魂焰魄 ＝  史诗：冰火裁决| RESULT: 狱火熔铠Lv4 + 熔火核心Lv4 -> 狱火熔铠Lvmax | INGREDIENT: 极寒之刃Lvmax + 狱火熔铠Lvmax + 冰魂焰魄 -> 史诗：冰火裁决,item_platemail,equipment_infernal_armor_max
inventory_item:equipment_iron_armor_01,inventory_item,equipment_iron_armor_01,铁甲Lv1,0,0,增加英雄10点护甲和5000点生命值，重复购买升级，最高5级。,item_chainmail,equipment_iron_armor_01
inventory_item:equipment_iron_armor_02,inventory_item,equipment_iron_armor_02,铁甲Lv2,0,0,增加英雄30点护甲和10000点生命值,item_chainmail,equipment_iron_armor_02
inventory_item:equipment_iron_armor_03,inventory_item,equipment_iron_armor_03,铁甲Lv3,0,0,增加英雄50点护甲和20000点生命值,item_chainmail,equipment_iron_armor_03
inventory_item:equipment_iron_armor_04,inventory_item,equipment_iron_armor_04,铁甲Lv4,0,0,增加英雄70点护甲和30000点生命值,item_chainmail,equipment_iron_armor_04
inventory_item:equipment_iron_armor_max,inventory_item,equipment_iron_armor_max,铁甲Lvmax,0,0,增加英雄100点护甲和50000点生命值| INGREDIENT: 加速手套Lvmax + 灼热之刃Lvmax + 铁甲Lvmax + 合成宝石 -> 狱火熔铠Lv1,item_chainmail,equipment_iron_armor_max
inventory_item:item_death_mask,inventory_item,item_death_mask,死亡面罩,0,0,1,,item_death_mask
inventory_item:item_forging_hammer,inventory_item,item_forging_hammer,锻造之锤(W ),0,0,1,,item_forging_hammer
inventory_item:item_knowledge_book,inventory_item,item_knowledge_book,知识之书,0,0,增加30000全属性，15000攻击力。,item_tome_of_knowledge,item_knowledge_book
inventory_item:item_large_polar_crystal,inventory_item,item_large_polar_crystal,大极地晶石,0,0,1,,item_large_polar_crystal
inventory_item:item_molten_upgrade_gem_01_03,inventory_item,item_molten_upgrade_gem_01_03,挑战熔火核心Lv1-3升级宝石,0,0,1,,item_molten_upgrade_gem_01_03
inventory_item:item_molten_upgrade_gem_04,inventory_item,item_molten_upgrade_gem_04,挑战熔火核心Lv4升级宝石,0,0,1,,item_molten_upgrade_gem_04
inventory_item:item_seven_sins_envy_essence,inventory_item,item_seven_sins_envy_essence,妒忌精华,0,0,点击使用强化冰火裁决+1并且全属性加成+5%,item_skadi,item_seven_sins_envy_essence
inventory_item:item_seven_sins_gluttony_essence,inventory_item,item_seven_sins_gluttony_essence,暴食精华,0,0,点击使用强化冰火裁决+1并且攻击间隔-0.05,item_gloves,item_seven_sins_gluttony_essence
inventory_item:item_seven_sins_greed_essence,inventory_item,item_seven_sins_greed_essence,贪婪精华,0,0,点击使用强化冰火裁决+1并且每次攻击全属性+3,item_eagle,item_seven_sins_greed_essence
inventory_item:item_seven_sins_lust_essence,inventory_item,item_seven_sins_lust_essence,色欲精华,0,0,点击使用强化冰火裁决+1并且每次攻击减甲+3,item_blades_of_attack,item_seven_sins_lust_essence
inventory_item:item_seven_sins_pride_essence,inventory_item,item_seven_sins_pride_essence,傲慢精华,0,0,点击使用强化冰火裁决+1并且攻击加成+20%,item_reaver,item_seven_sins_pride_essence
inventory_item:item_seven_sins_sloth_essence,inventory_item,item_seven_sins_sloth_essence,懒惰精华,0,0,点击使用强化冰火裁决+1并且杀敌全属性+5,item_ultimate_orb,item_seven_sins_sloth_essence
inventory_item:item_seven_sins_wrath_essence,inventory_item,item_seven_sins_wrath_essence,暴怒精华,0,0,点击使用强化冰火裁决+1并且最终伤害+5%,item_demon_edge,item_seven_sins_wrath_essence
inventory_item:item_small_polar_crystal,inventory_item,item_small_polar_crystal,小极地晶石,0,0,1,,item_small_polar_crystal
inventory_item:item_super_knowledge_book,inventory_item,item_super_knowledge_book,超级知识之书,0,0,增加300000全属性，150000攻击力。,item_tome_of_knowledge,item_super_knowledge_book
inventory_item:material_ice_soul_ember,inventory_item,material_ice_soul_ember,冰魂焰魄,0,0,极寒之刃max＋狱火熔铠max＋冰魂焰魄 ＝  史诗：冰火裁决,item_recipe,material_ice_soul_ember
inventory_item:material_molten_core_01,inventory_item,material_molten_core_01,熔火核心Lv1,0,0,熔火核心Lv1*3 合成熔火核心Lv2,item_recipe,material_molten_core_01
inventory_item:material_molten_core_02,inventory_item,material_molten_core_02,熔火核心Lv2,0,0,熔火核心Lv2*3 合成熔火核心Lv3,item_recipe,material_molten_core_02
inventory_item:material_molten_core_03,inventory_item,material_molten_core_03,熔火核心Lv3,0,0,可用熔火核心Lv3升级装备 狱火熔铠Lv1,item_recipe,material_molten_core_03
inventory_item:material_molten_core_04,inventory_item,material_molten_core_04,熔火核心Lv4,0,0,与狱火熔铠Lv4自动合成狱火熔铠Lvmax。拾取后保存在背包中，仅在合成成功时消耗。,item_recipe,material_molten_core_04
inventory_item:material_synthesis_gem,inventory_item,material_synthesis_gem,合成宝石,0,0,加速手套max＋灼热之刃max＋铁甲max＋合成宝石 ＝ 狱火熔铠Lv1。拾取后保存在背包中，仅在合成成功时消耗。,item_recipe,material_synthesis_gem
inventory_item:rebirth_challenge_01,inventory_item,rebirth_challenge_01,挑战1转,0,0,获得英雄专属技能/提高英雄2000全属性/增加攻击全属性+1/解锁分裂多重攻击,,rebirth_challenge_01
inventory_item:rebirth_challenge_02,inventory_item,rebirth_challenge_02,挑战2转,0,0,获得随机技能，获得相同的技能时升级技能/提高英雄3000全属性/增加攻击全属性+2/多重攻击+1,,rebirth_challenge_02
inventory_item:rebirth_challenge_03,inventory_item,rebirth_challenge_03,挑战3转,0,0,获得随机技能，获得相同的技能时升级技能/提高英雄5000全属性/增加攻击全属性+3/多重攻击+1,,rebirth_challenge_03
inventory_item:rebirth_challenge_04,inventory_item,rebirth_challenge_04,挑战4转,0,0,获得随机技能，获得相同的技能时升级技能/提高英雄10000全属性/增加攻击全属性+4/多重攻击+1,,rebirth_challenge_04
inventory_item:rebirth_challenge_05,inventory_item,rebirth_challenge_05,挑战5转,0,0,获得随机技能，获得相同的技能时升级技能/提高英雄20000全属性/增加攻击全属性+6/多重攻击+1,,rebirth_challenge_05
inventory_item:rebirth_challenge_06,inventory_item,rebirth_challenge_06,挑战6转,0,0,获得随机技能，获得相同的技能时升级技能/提高英雄30000全属性/增加攻击全属性+7/多重攻击+1,,rebirth_challenge_06
inventory_item:rebirth_challenge_07,inventory_item,rebirth_challenge_07,挑战7转,0,0,获得随机技能，获得相同的技能时升级技能/提高英雄50000全属性/增加攻击全属性+8/多重攻击+1,,rebirth_challenge_07
inventory_item:rebirth_challenge_08,inventory_item,rebirth_challenge_08,挑战8转,0,0,获得随机技能，获得相同的技能时升级技能/提高英雄70000全属性/增加攻击全属性+9/多重攻击+1,,rebirth_challenge_08
inventory_item:rebirth_challenge_09,inventory_item,rebirth_challenge_09,挑战9转,0,0,获得随机技能，获得相同的技能时升级技能/提高英雄100000全属性/增加攻击全属性+10/多重攻击+1,,rebirth_challenge_09
inventory_item:rebirth_challenge_10,inventory_item,rebirth_challenge_10,挑战10转,0,0,获得随机技能，获得相同的技能时升级技能/提高英雄200000全属性/增加攻击全属性+12/多重攻击+1,,rebirth_challenge_10
inventory_item:service_early_final_boss,inventory_item,service_early_final_boss,提前通关,0,0,1,,service_early_final_boss
inventory_item:shop_proxy_burning_blade_01,inventory_item,shop_proxy_burning_blade_01,灼热之刃LV1购买,0,0,0,,shop_proxy_burning_blade_01
inventory_item:shop_proxy_iron_armor_01,inventory_item,shop_proxy_iron_armor_01,铁甲LV1购买,0,0,0,,shop_proxy_iron_armor_01
inventory_item:weapon_epic_icefire_00,inventory_item,weapon_epic_icefire_00,史诗：冰火裁决,0,0,增加属性  - 20W攻击力  - 400%攻速  - 100%吸血  - 80W生命值  - 500护甲  - 全属性+8000 对周围200码敌人每秒造成全属性*5的伤害 每次造成伤害增加20点攻击力 每次造成伤害增加5点全属性 每次攻击10%概率对周围500码敌人发动焰爆造成全属性*50倍的伤害| RESULT: 极寒之刃Lvmax + 狱火熔铠Lvmax + 冰魂焰魄 -> 史诗：冰火裁决,item_skadi,weapon_epic_icefire_00
inventory_item:weapon_epic_icefire_01,inventory_item,weapon_epic_icefire_01,史诗：冰火裁决+1,0,0,增加属性  - 25W攻击力  - 400%攻速  - 100%吸血  - 85W生命值  - 550护甲  - 全属性+10000 对周围200码敌人每秒造成全属性*5的伤害 每次造成伤害增加20点攻击力 每次造成伤害增加5点全属性 每次攻击10%概率对周围500码敌人发动焰爆造成全属性*50倍的伤害,item_skadi,weapon_epic_icefire_01
inventory_item:weapon_epic_icefire_02,inventory_item,weapon_epic_icefire_02,史诗：冰火裁决+2,0,0,增加属性  - 30W攻击力  - 400%攻速  - 100%吸血  - 90W生命值  - 600护甲  - 全属性+12000 对周围200码敌人每秒造成全属性*5的伤害 每次造成伤害增加20点攻击力 每次造成伤害增加5点全属性 每次攻击10%概率对周围500码敌人发动焰爆造成全属性*50倍的伤害,item_skadi,weapon_epic_icefire_02
inventory_item:weapon_epic_icefire_03,inventory_item,weapon_epic_icefire_03,史诗：冰火裁决+3,0,0,增加属性  - 35W攻击力  - 400%攻速  - 100%吸血  - 100W生命值  - 650护甲  - 全属性+15000 对周围200码敌人每秒造成全属性*5的伤害 每次造成伤害增加20点攻击力 每次造成伤害增加5点全属性 每次攻击10%概率对周围500码敌人发动焰爆造成全属性*50倍的伤害,item_skadi,weapon_epic_icefire_03
inventory_item:weapon_epic_icefire_04,inventory_item,weapon_epic_icefire_04,史诗：冰火裁决+4,0,0,增加属性  - 40W攻击力  - 400%攻速  - 100%吸血  - 100W生命值  - 700护甲  - 全属性+18000 对周围200码敌人每秒造成全属性*5的伤害 每次造成伤害增加20点攻击力 每次造成伤害增加5点全属性 每次攻击10%概率对周围500码敌人发动焰爆造成全属性*50倍的伤害,item_skadi,weapon_epic_icefire_04
inventory_item:weapon_epic_icefire_05,inventory_item,weapon_epic_icefire_05,史诗：冰火裁决+5,0,0,增加属性  - 45W攻击力  - 400%攻速  - 100%吸血  - 100W生命值  - 750护甲  - 全属性+20000 对周围200码敌人每秒造成全属性*5的伤害 每次造成伤害增加20点攻击力 每次造成伤害增加5点全属性 每次攻击10%概率对周围500码敌人发动焰爆造成全属性*50倍的伤害,item_skadi,weapon_epic_icefire_05
inventory_item:weapon_epic_icefire_06,inventory_item,weapon_epic_icefire_06,史诗：冰火裁决+6,0,0,增加属性  - 50W攻击力  - 400%攻速  - 100%吸血  - 100W生命值  - 800护甲  - 全属性+25000 对周围200码敌人每秒造成全属性*5的伤害 每次造成伤害增加20点攻击力 每次造成伤害增加5点全属性 每次攻击10%概率对周围500码敌人发动焰爆造成全属性*50倍的伤害,item_skadi,weapon_epic_icefire_06
inventory_item:weapon_frost_blade_01,inventory_item,weapon_frost_blade_01,霜之剑刃Lv1,0,0,英雄每次攻击增加6点攻击力 +50%吸血   攻击250次使该武器进化| RESULT: 成长之剑Lvmax + 死亡面罩 -> 霜之剑刃Lv1,item_crystalys,weapon_frost_blade_01
inventory_item:weapon_frost_blade_02,inventory_item,weapon_frost_blade_02,霜之剑刃Lv2,0,0,英雄每次攻击增加7点攻击力 +50%吸血   攻击300次使该武器进化,item_crystalys,weapon_frost_blade_02
inventory_item:weapon_frost_blade_03,inventory_item,weapon_frost_blade_03,霜之剑刃Lv3,0,0,英雄每次攻击增加8点攻击力 +50%吸血   攻击350次使该武器进化,item_crystalys,weapon_frost_blade_03
inventory_item:weapon_frost_blade_04,inventory_item,weapon_frost_blade_04,霜之剑刃Lv4,0,0,英雄每次攻击增加9点攻击力 +50%吸血   攻击400次使该武器进化,item_crystalys,weapon_frost_blade_04
inventory_item:weapon_frost_blade_max,inventory_item,weapon_frost_blade_max,霜之剑刃Lvmax,0,0,英雄每次攻击增加10点攻击力 +50%吸血   +大极地晶石+霜之剑刃max+合成宝石=极寒之刃| INGREDIENT: 霜之剑刃Lvmax + 大极地晶石 + 合成宝石 -> 极寒之刃Lv1,item_crystalys,weapon_frost_blade_max
inventory_item:weapon_growth_sword_01,inventory_item,weapon_growth_sword_01,成长之剑Lv1,0,0,英雄每次攻击增加1点攻击力  攻击200次使该武器进化    成长之剑Lvmax＋吸血面罩 自动合成幻影之剑,item_broadsword,weapon_growth_sword_01
inventory_item:weapon_growth_sword_02,inventory_item,weapon_growth_sword_02,成长之剑Lv2,0,0,英雄每次攻击增加2点攻击力  攻击200次使该武器进化,item_broadsword,weapon_growth_sword_02
inventory_item:weapon_growth_sword_03,inventory_item,weapon_growth_sword_03,成长之剑Lv3,0,0,英雄每次攻击增加3点攻击力  攻击200次使该武器进化,item_broadsword,weapon_growth_sword_03
inventory_item:weapon_growth_sword_04,inventory_item,weapon_growth_sword_04,成长之剑Lv4,0,0,英雄每次攻击增加4点攻击力  攻击200次使该武器进化,item_broadsword,weapon_growth_sword_04
inventory_item:weapon_growth_sword_max,inventory_item,weapon_growth_sword_max,成长之剑Lvmax,0,0,英雄每次攻击增加5点攻击力  ＋吸血面罩 自动合成霜之剑刃| INGREDIENT: 成长之剑Lvmax + 死亡面罩 -> 霜之剑刃Lv1,item_broadsword,weapon_growth_sword_max
inventory_item:weapon_ice_blade_01,inventory_item,weapon_ice_blade_01,极寒之刃Lv1,0,0,+50%吸血 +50%暴击2倍 每次造成伤害提高12点攻击力 全属性+2000  可通过击杀敌人升级武器| RESULT: 霜之剑刃Lvmax + 大极地晶石 + 合成宝石 -> 极寒之刃Lv1,item_daedalus,weapon_ice_blade_01
inventory_item:weapon_ice_blade_02,inventory_item,weapon_ice_blade_02,极寒之刃Lv2,0,0,+50%吸血 +50%暴击2倍 每次造成伤害提高13点攻击力 全属性+2500  可通过击杀敌人升级武器,item_daedalus,weapon_ice_blade_02
inventory_item:weapon_ice_blade_03,inventory_item,weapon_ice_blade_03,极寒之刃Lv3,0,0,+50%吸血 +50%暴击2倍 全属性+3000 每次造成伤害提高14点攻击力  可通过击杀敌人升级武器,item_daedalus,weapon_ice_blade_03
inventory_item:weapon_ice_blade_04,inventory_item,weapon_ice_blade_04,极寒之刃Lv4,0,0,+50%吸血 +50%暴击5倍 全属性+3500 每次造成伤害提高15点攻击力  可通过击杀敌人升级武器,item_daedalus,weapon_ice_blade_04
inventory_item:weapon_ice_blade_max,inventory_item,weapon_ice_blade_max,极寒之刃Lvmax,0,0,+50%吸血 +50%暴击5倍 全属性+5000 每次造成伤害提高16点攻击力  极寒之刃max＋狱火熔铠max＋冰魂焰魄 ＝  史诗：冰火裁决| INGREDIENT: 极寒之刃Lvmax + 狱火熔铠Lvmax + 冰魂焰魄 -> 史诗：冰火裁决,item_daedalus,weapon_ice_blade_max
inventory_item:weapon_legend_abyss_00,inventory_item,weapon_legend_abyss_00,传说：深渊审判,0,0,增加属性  - 60W攻击力  - 400%攻速  - 100%吸血  - 100W生命值  - 850护甲  - 全属性+30000 对周围200码敌人每秒造成全属性*5的伤害 每次造成伤害增加20点攻击力 每次造成伤害增加5点全属性 每次攻击10%概率对周围500码敌人发动焰爆造成全属性*50倍的伤害,item_rapier,weapon_legend_abyss_00
inventory_item:weapon_legend_abyss_01,inventory_item,weapon_legend_abyss_01,传说：深渊审判+1,0,0,增加属性  - 70W攻击力  - 400%攻速  - 100%吸血  - 100W生命值  - 850护甲  - 全属性+50000 对周围200码敌人每秒造成全属性*5的伤害 每次造成伤害增加20点攻击力 每次造成伤害增加5点全属性 每次攻击10%概率对周围500码敌人发动焰爆造成全属性*50倍的伤害,item_rapier,weapon_legend_abyss_01
inventory_item:weapon_legend_abyss_02,inventory_item,weapon_legend_abyss_02,传说：深渊审判+2,0,0,增加属性  - 80W攻击力  - 400%攻速  - 100%吸血  - 100W生命值  - 850护甲  - 全属性+100000 对周围200码敌人每秒造成全属性*5的伤害 每次造成伤害增加20点攻击力 每次造成伤害增加5点全属性 每次攻击10%概率对周围500码敌人发动焰爆造成全属性*50倍的伤害,item_rapier,weapon_legend_abyss_02
inventory_item:weapon_legend_abyss_03,inventory_item,weapon_legend_abyss_03,传说：深渊审判+3,0,0,增加属性  - 90W攻击力  - 400%攻速  - 100%吸血  - 100W生命值  - 850护甲  - 全属性+200000 对周围200码敌人每秒造成全属性*5的伤害 每次造成伤害增加20点攻击力 每次造成伤害增加5点全属性 每次攻击10%概率对周围500码敌人发动焰爆造成全属性*50倍的伤害,item_rapier,weapon_legend_abyss_03
inventory_item:weapon_legend_abyss_04,inventory_item,weapon_legend_abyss_04,传说：深渊审判+4,0,0,增加属性  - 100W攻击力  - 400%攻速  - 100%吸血  - 100W生命值  - 850护甲  - 全属性+300000 对周围200码敌人每秒造成全属性*5的伤害 每次造成伤害增加20点攻击力 每次造成伤害增加5点全属性 每次攻击10%概率对周围500码敌人发动焰爆造成全属性*50倍的伤害,item_rapier,weapon_legend_abyss_04
inventory_item:weapon_legend_abyss_05,inventory_item,weapon_legend_abyss_05,传说：深渊审判+5,0,0,增加属性  - 110W攻击力  - 400%攻速  - 100%吸血  - 110W生命值  - 850护甲  - 全属性+400000 对周围200码敌人每秒造成全属性*5的伤害 每次造成伤害增加20点攻击力 每次造成伤害增加5点全属性 每次攻击10%概率对周围500码敌人发动焰爆造成全属性*50倍的伤害,item_rapier,weapon_legend_abyss_05
inventory_item:weapon_legend_abyss_06,inventory_item,weapon_legend_abyss_06,传说：深渊审判+6,0,0,增加属性  - 120W攻击力  - 400%攻速  - 100%吸血  - 120W生命值  - 850护甲  - 全属性+500000 对周围200码敌人每秒造成全属性*5的伤害 每次造成伤害增加20点攻击力 每次造成伤害增加5点全属性 每次攻击10%概率对周围500码敌人发动焰爆造成全属性*50倍的伤害,item_rapier,weapon_legend_abyss_06
inventory_item:weapon_legend_abyss_07,inventory_item,weapon_legend_abyss_07,传说：深渊审判+7,0,0,增加属性  - 130W攻击力  - 400%攻速  - 100%吸血  - 130W生命值  - 850护甲  - 全属性+600000 对周围200码敌人每秒造成全属性*5的伤害 每次造成伤害增加20点攻击力 每次造成伤害增加5点全属性 每次攻击10%概率对周围500码敌人发动焰爆造成全属性*50倍的伤害,item_rapier,weapon_legend_abyss_07
inventory_item:weapon_legend_abyss_08,inventory_item,weapon_legend_abyss_08,传说：深渊审判+8,0,0,增加属性  - 140W攻击力  - 400%攻速  - 100%吸血  - 140W生命值  - 850护甲  - 全属性+700000 对周围200码敌人每秒造成全属性*5的伤害 每次造成伤害增加20点攻击力 每次造成伤害增加5点全属性 每次攻击10%概率对周围500码敌人发动焰爆造成全属性*50倍的伤害,item_rapier,weapon_legend_abyss_08
inventory_item:weapon_legend_abyss_09,inventory_item,weapon_legend_abyss_09,传说：深渊审判+9,0,0,增加属性  - 150W攻击力  - 400%攻速  - 100%吸血  - 150W生命值  - 850护甲  - 全属性+800000 对周围200码敌人每秒造成全属性*5的伤害 每次造成伤害增加20点攻击力 每次造成伤害增加5点全属性 每次攻击10%概率对周围500码敌人发动焰爆造成全属性*50倍的伤害,item_rapier,weapon_legend_abyss_09
inventory_item:weapon_legend_abyss_10,inventory_item,weapon_legend_abyss_10,传说：深渊审判+10,0,0,增加属性  - 200W攻击力  - 400%攻速  - 100%吸血  - 200W生命值  - 850护甲  - 全属性+900000 对周围200码敌人每秒造成全属性*5的伤害 每次造成伤害增加20点攻击力 每次造成伤害增加5点全属性 每次攻击10%概率对周围500码敌人发动焰爆造成全属性*50倍的伤害,item_rapier,weapon_legend_abyss_10
